X;2000-06-22;2000-12-22;2001-06-22;2001-12-22;2002-06-22;2002-12-22;2003-06-22;2003-12-22;2004-06-22;2004-12-22;2005-05-07;2005-06-22;2005-12-22;2006-06-22;2006-12-22;2007-06-22;2007-12-22;2008-06-22;2008-12-22;2009-06-22;2009-12-22;2010-06-22;2010-12-22;2011-06-22;2011-12-22;2012-04-11;2012-06-22;2012-12-22;2013-06-22;2013-12-22;2014-06-22;2014-12-22;2015-06-22;2015-12-22;2016-06-22;2016-10-19;2016-11-15;2016-12-22;2017-05-10;2017-06-22;2017-12-22;2018-02-21;2018-06-22;2018-08-08;2018-12-13;2018-12-22;2018-12-27;2019-05-03;2019-06-22;2019-07-12;2019-10-02;2019-12-22;2020-03-25;2020-06-22;2020-08-31;2020-11-13;2020-12-22;2021-05-15;2021-06-22;2021-08-31
0,000000;0,000000;-95,098315;-189,676966;-284,775281;-379,353933;-474,452247;-569,030899;-664,129213;-759,227528;-854,325843;-925,000000;-925,636112;-928,166733;-930,683524;-933,214145;-935,730936;-938,261557;-940,792177;-943,322797;-945,839589;-948,370209;-950,887001;-953,417621;-955,934413;-958,465034;-960,000000;-979,176755;-1027,917676;-1076,392252;-1125,133172;-1173,607748;-1222,348668;-1270,823245;-1319,564165;-1368,305085;-1400,000000;-1525,000000;-1525,000000;-1525,000000;-1529,494774;-1548,623693;-1555,000000;-1573,005952;-1580,000000;-1600,000000;-1571,071429;-1555,000000;-1600,000000;-1600,000000;-1600,000000;-1645,000000;-1645,000000;-1645,000000;-1646,119497;-1647,000000;-1656,000000;-1656,000000;-1656,000000;-1656,000000;-1656,000000
8,282828;0,000000;-94,969727;-189,420493;-284,390220;-378,840986;-473,810713;-568,261479;-663,231206;-758,200933;-853,170659;-923,749254;-924,320703;-926,594079;-928,855031;-931,128406;-933,389358;-935,662733;-937,936109;-940,209484;-942,470436;-944,743811;-947,004763;-949,278139;-951,539091;-953,812466;-955,191398;-974,445724;-1023,383802;-1072,054459;-1120,992537;-1169,663194;-1218,601272;-1267,271929;-1316,210007;-1365,148085;-1396,971207;-1523,690154;-1523,690154;-1523,690154;-1527,685910;-1544,691103;-1550,359501;-1574,659253;-1584,097999;-1604,095259;-1569,550841;-1550,359497;-1600,329488;-1600,329449;-1600,329433;-1632,494723;-1632,494727;-1632,494732;-1635,666253;-1638,160708;-1655,199191;-1655,197445;-1655,190996;-1655,137211;-1655,038134
16,565657;0,000000;-94,223364;-187,931847;-282,155211;-375,863693;-470,087057;-563,795540;-658,018904;-752,242268;-846,465632;-916,489553;-917,025464;-919,157459;-921,277804;-923,409799;-925,530144;-927,662139;-929,794134;-931,926129;-934,046474;-936,178469;-938,298814;-940,430809;-942,551154;-944,683149;-945,976326;-965,256828;-1014,261438;-1062,998262;-1112,002871;-1160,739696;-1209,744305;-1258,481129;-1307,485739;-1356,490348;-1388,356733;-1514,906423;-1514,906423;-1514,906423;-1518,754024;-1535,128698;-1540,586923;-1568,539448;-1579,397040;-1599,393614;-1561,589310;-1540,586919;-1592,865805;-1592,865755;-1592,865735;-1615,918654;-1615,918660;-1615,918666;-1621,181190;-1625,320253;-1646,465383;-1646,463199;-1646,455136;-1646,387887;-1646,264006
24,848485;0,000000;-92,984685;-185,461256;-278,445941;-370,922512;-463,907197;-556,383769;-649,368453;-742,353138;-835,337823;-904,441195;-904,966223;-907,054923;-909,132210;-911,220910;-913,298196;-915,386896;-917,475596;-919,564296;-921,641582;-923,730282;-925,807569;-927,896269;-929,973555;-932,062255;-933,329172;-952,592976;-1001,555146;-1050,249764;-1099,211934;-1147,906551;-1196,868721;-1245,563339;-1294,525509;-1343,487679;-1375,326467;-1500,145880;-1500,145880;-1500,145880;-1504,117120;-1521,017978;-1526,651597;-1556,116258;-1567,561209;-1587,558564;-1548,404083;-1526,651593;-1579,126713;-1579,126674;-1579,126659;-1596,248079;-1596,248083;-1596,248088;-1603,550598;-1609,294146;-1631,497594;-1631,495908;-1631,489683;-1631,437766;-1631,342130
33,131313;0,000000;-91,379146;-182,258952;-273,638098;-364,517904;-455,897050;-546,776856;-638,156002;-729,535148;-820,914294;-888,824479;-889,358810;-891,484520;-893,598614;-895,724323;-897,838417;-899,964127;-902,089837;-904,215547;-906,329640;-908,455350;-910,569444;-912,695154;-914,809248;-916,934958;-918,224322;-937,437077;-986,269495;-1034,835069;-1083,667486;-1132,233060;-1181,065478;-1229,631052;-1278,463470;-1327,295887;-1359,050301;-1480,905598;-1480,905598;-1480,905598;-1485,193201;-1503,440440;-1509,522853;-1538,859402;-1550,254591;-1570,253608;-1531,212408;-1509,522852;-1560,629977;-1560,629963;-1560,629957;-1574,459283;-1574,459284;-1574,459286;-1583,660771;-1590,897894;-1611,994842;-1611,994215;-1611,991900;-1611,972591;-1611,937021
41,414141;0,000000;-89,532205;-178,575164;-268,107369;-357,150327;-446,682533;-535,725491;-625,257696;-714,789902;-804,322107;-870,859702;-871,419053;-873,644297;-875,857382;-878,082626;-880,295710;-882,520954;-884,746199;-886,971443;-889,184527;-891,409771;-893,622856;-895,848100;-898,061184;-900,286428;-901,636167;-920,772039;-969,409048;-1017,780281;-1066,417289;-1114,788522;-1163,425531;-1211,796764;-1260,433773;-1309,070781;-1340,698126;-1458,682650;-1458,682650;-1458,682650;-1463,400270;-1483,477584;-1490,170022;-1518,238601;-1529,141272;-1549,142242;-1511,231530;-1490,170023;-1538,893360;-1538,893374;-1538,893380;-1551,528551;-1551,528550;-1551,528548;-1562,397999;-1570,947006;-1589,656145;-1589,656764;-1589,659048;-1589,678099;-1589,713194
49,696970;0,000000;-87,569321;-174,660121;-262,229442;-349,320241;-436,889562;-523,980362;-611,549683;-699,119004;-786,688325;-851,767164;-852,362782;-854,732305;-857,088880;-859,458403;-861,814978;-864,184501;-866,554024;-868,923547;-871,280122;-873,649645;-876,006219;-878,375742;-880,732317;-883,101840;-884,539092;-903,580771;-951,978371;-1000,111503;-1048,509103;-1096,642236;-1145,039836;-1193,172968;-1241,570568;-1289,968169;-1321,439832;-1434,974108;-1434,974108;-1434,974108;-1440,156331;-1462,210908;-1469,562434;-1495,723572;-1505,885337;-1525,887967;-1489,678698;-1469,562438;-1515,434627;-1515,434665;-1515,434680;-1528,432170;-1528,432166;-1528,432161;-1540,648576;-1550,256992;-1566,180523;-1566,182200;-1566,188392;-1566,240034;-1566,335165
57,979798;0,000000;-85,615950;-170,764053;-256,380003;-341,528106;-427,144056;-512,292159;-597,908109;-683,524059;-769,140009;-832,767163;-833,405825;-835,946592;-838,473474;-841,014240;-843,541122;-846,081889;-848,622655;-851,163421;-853,690303;-856,231069;-858,757952;-861,298718;-863,825600;-866,366366;-867,907487;-886,846181;-934,982029;-982,854840;-1030,990689;-1078,863500;-1126,999348;-1174,872159;-1223,008007;-1271,143856;-1302,445309;-1411,277045;-1411,277045;-1411,277045;-1416,879387;-1440,721913;-1448,669421;-1472,784037;-1482,150871;-1502,154281;-1467,771160;-1448,669426;-1491,771541;-1491,771590;-1491,771610;-1506,146424;-1506,146419;-1506,146413;-1519,298792;-1529,643360;-1543,266993;-1543,269167;-1543,277194;-1543,344135;-1543,467447
66,262626;0,000000;-83,797550;-167,137190;-250,934741;-334,274381;-418,071931;-501,411571;-585,209121;-669,006671;-752,804222;-815,079997;-815,764013;-818,485206;-821,191530;-823,912723;-826,619047;-829,340240;-832,061434;-834,782627;-837,488951;-840,210144;-842,916468;-845,637661;-848,343985;-851,065179;-852,715739;-871,551179;-919,424589;-967,036396;-1014,909807;-1062,521614;-1110,395025;-1158,006832;-1205,880242;-1253,753653;-1284,884450;-1389,088534;-1389,088534;-1389,088534;-1394,987442;-1420,092094;-1428,460312;-1450,889713;-1459,601960;-1479,604682;-1446,726161;-1428,460316;-1469,421866;-1469,421905;-1469,421921;-1485,647600;-1485,647596;-1485,647591;-1499,234941;-1509,921620;-1522,614574;-1522,616309;-1522,622715;-1522,676141;-1522,774557
74,545455;0,000000;-82,239579;-164,029762;-246,269342;-328,059525;-410,299104;-492,089287;-574,328866;-656,568446;-738,808025;-799,925964;-800,653172;-803,546197;-806,423413;-809,316438;-812,193654;-815,086678;-817,979703;-820,872728;-823,749944;-826,642969;-829,520184;-832,413209;-835,290425;-838,183450;-839,938235;-858,678672;-906,310615;-953,682275;-1001,314218;-1048,685877;-1096,317821;-1143,689480;-1191,321423;-1238,953367;-1269,927144;-1369,905646;-1369,905646;-1369,905646;-1375,898497;-1401,402953;-1409,904439;-1431,510321;-1439,902689;-1459,902668;-1427,760949;-1409,904439;-1449,903366;-1449,903365;-1449,903365;-1467,911982;-1467,911982;-1467,911982;-1481,343312;-1491,907279;-1505,922285;-1505,922271;-1505,922220;-1505,921794;-1505,921008
82,828283;0,000000;-81,003679;-161,564714;-242,568393;-323,129429;-404,133108;-484,694143;-565,697822;-646,701501;-727,705180;-787,904635;-788,667870;-791,704221;-794,723979;-797,760329;-800,780087;-803,816437;-806,852787;-809,889137;-812,908896;-815,945246;-818,965004;-822,001354;-825,021112;-828,057462;-829,899183;-848,557622;-895,981157;-943,145546;-990,569080;-1037,733469;-1085,157003;-1132,321392;-1179,744926;-1227,168461;-1258,006715;-1354,436507;-1354,436507;-1354,436507;-1360,280024;-1385,148946;-1393,438587;-1415,396615;-1423,925766;-1443,920954;-1411,468000;-1393,438581;-1433,979525;-1433,979456;-1433,979428;-1453,265245;-1453,265252;-1453,265261;-1465,900821;-1475,838902;-1493,939590;-1493,936523;-1493,925198;-1493,830747;-1493,656759
91,111111;0,000000;-79,900392;-159,364169;-239,264561;-318,728338;-398,628730;-478,092507;-557,992899;-637,893290;-717,793682;-777,173208;-777,958194;-781,081075;-784,186890;-787,309771;-790,415587;-793,538467;-796,661348;-799,784228;-802,890044;-806,012924;-809,118740;-812,241620;-815,347436;-818,470317;-820,364523;-838,943914;-886,166532;-933,131103;-980,353721;-1027,318292;-1074,540910;-1121,505481;-1168,728099;-1215,950717;-1246,658321;-1340,284982;-1340,284982;-1340,284982;-1345,846390;-1369,514708;-1377,404147;-1400,470436;-1409,430069;-1429,420771;-1395,981505;-1377,404135;-1419,445980;-1419,445846;-1419,445792;-1439,473114;-1439,473129;-1439,473146;-1450,786671;-1459,684949;-1483,679766;-1483,673839;-1483,651957;-1483,469459;-1483,133278
99,393939;0,000000;-78,678512;-156,927087;-235,605599;-313,854174;-392,532686;-470,781261;-549,459773;-628,138285;-706,816798;-765,288260;-766,073092;-769,195358;-772,300562;-775,422828;-778,528033;-781,650298;-784,772564;-787,894830;-791,000035;-794,122301;-797,227505;-800,349771;-803,454975;-806,577241;-808,471075;-826,960663;-873,955034;-920,692606;-967,686977;-1014,424548;-1061,418919;-1108,156491;-1155,150862;-1202,145233;-1232,704414;-1324,291539;-1324,291539;-1324,291539;-1329,585734;-1352,116845;-1359,627215;-1383,957950;-1393,408731;-1413,398180;-1378,831122;-1359,627201;-1403,368519;-1403,368366;-1403,368305;-1423,671777;-1423,671793;-1423,671812;-1433,290423;-1440,855622;-1471,237289;-1471,230563;-1471,205729;-1470,998618;-1470,617098
107,676768;0,000000;-77,086834;-153,752429;-230,839264;-307,504859;-384,591693;-461,257288;-538,344122;-615,430957;-692,517791;-749,806367;-750,561511;-753,565667;-756,553407;-759,557564;-762,545304;-765,549461;-768,553617;-771,557774;-774,545514;-777,549671;-780,537411;-783,541567;-786,529308;-789,533464;-791,355657;-809,730989;-856,434958;-902,883714;-949,587683;-996,036439;-1042,740407;-1089,189163;-1135,893132;-1182,597101;-1212,967441;-1303,296651;-1303,296651;-1303,296651;-1308,486202;-1330,571965;-1337,933886;-1363,085321;-1372,854887;-1392,849240;-1357,546507;-1337,933878;-1382,812930;-1382,812849;-1382,812816;-1402,997420;-1402,997429;-1402,997439;-1410,701641;-1416,761125;-1452,706638;-1452,703039;-1452,689749;-1452,578917;-1452,374752
115,959596;0,000000;-74,882303;-149,355413;-224,237716;-298,710826;-373,593129;-448,066239;-522,948542;-597,830844;-672,713147;-728,363383;-729,052323;-731,793102;-734,518905;-737,259685;-739,985488;-742,726268;-745,467048;-748,207828;-750,933631;-753,674411;-756,400213;-759,140993;-761,866796;-764,607576;-766,270016;-784,492992;-830,809721;-876,873354;-923,190083;-969,253716;-1015,570445;-1061,634078;-1107,950808;-1154,267537;-1184,386066;-1274,248126;-1274,248126;-1274,248126;-1279,636636;-1302,569131;-1310,213296;-1335,169518;-1344,863257;-1364,871305;-1329,734020;-1310,213306;-1354,942000;-1354,942116;-1354,942163;-1374,681662;-1374,681650;-1374,681635;-1380,409688;-1384,914898;-1424,325269;-1424,330399;-1424,349341;-1424,509756;-1424,805258
124,242424;0,000000;-72,007403;-143,621322;-215,628725;-287,242644;-359,250047;-430,863967;-502,871369;-574,878772;-646,886174;-700,399873;-700,993861;-703,356901;-705,707029;-708,070069;-710,420196;-712,783237;-715,146277;-717,509317;-719,859445;-722,222485;-724,572612;-726,935653;-729,285780;-731,648820;-733,082140;-751,102291;-796,903507;-842,454443;-888,255659;-933,806596;-979,607812;-1025,158748;-1070,959964;-1116,761180;-1146,544485;-1236,537308;-1236,537308;-1236,537308;-1242,418321;-1267,446817;-1275,789649;-1299,594613;-1308,841169;-1328,867581;-1294,746076;-1275,789684;-1319,126631;-1319,127013;-1319,127166;-1338,128558;-1338,128517;-1338,128469;-1342,075859;-1345,180547;-1385,585481;-1385,602317;-1385,664481;-1386,248231;-1387,323559
132,525252;0,000000;-68,589100;-136,803396;-205,392495;-273,606791;-342,195891;-410,410187;-478,999287;-547,588387;-616,177486;-667,150806;-667,643530;-669,603713;-671,553186;-673,513369;-675,462841;-677,423025;-679,383208;-681,343391;-683,292864;-685,253047;-687,202519;-689,162703;-691,112175;-693,072358;-694,261322;-712,017080;-757,146298;-802,028908;-847,158126;-892,040737;-937,169955;-982,052565;-1027,181784;-1072,311002;-1101,657324;-1191,985118;-1191,985118;-1191,985118;-1198,491888;-1226,183492;-1235,414027;-1257,799982;-1266,495353;-1286,533968;-1253,671182;-1235,414078;-1276,933236;-1276,933794;-1276,934017;-1294,902199;-1294,902139;-1294,902069;-1297,620408;-1299,758427;-1339,215828;-1339,240443;-1339,331327;-1340,391095;-1342,343300
140,808081;0,000000;-64,762299;-129,170705;-193,933004;-258,341411;-323,103710;-387,512116;-452,274415;-517,036714;-581,799013;-629,928372;-630,336582;-631,960547;-633,575639;-635,199605;-636,814696;-638,438662;-640,062628;-641,686593;-643,301685;-644,925651;-646,540742;-648,164708;-649,779800;-651,403765;-652,388794;-669,807546;-714,080210;-758,110946;-802,383609;-846,414345;-890,687009;-934,717745;-978,990408;-1023,263071;-1052,052399;-1142,517030;-1142,517030;-1142,517030;-1149,616057;-1179,828198;-1189,898911;-1211,313443;-1219,631485;-1239,665021;-1207,672551;-1189,898956;-1230,022700;-1230,023185;-1230,023379;-1246,659625;-1246,659573;-1246,659512;-1249,060797;-1250,949448;-1288,084126;-1288,105503;-1288,184435;-1289,670212;-1292,407169
149,090909;0,000000;-60,661905;-120,992324;-181,654228;-241,984647;-302,646552;-362,976971;-423,638875;-484,300780;-544,962685;-590,044756;-590,408267;-591,854411;-593,292651;-594,738795;-596,177035;-597,623179;-599,069322;-600,515465;-601,953706;-603,399849;-604,838090;-606,284234;-607,722474;-609,168618;-610,045787;-627,043877;-670,247357;-713,214752;-756,418232;-799,385627;-842,589106;-885,556502;-928,759981;-971,963461;-1000,057527;-1090,058514;-1090,058514;-1090,058514;-1097,549544;-1129,429974;-1140,056784;-1161,662816;-1170,055241;-1190,055298;-1157,913396;-1140,056784;-1180,055912;-1180,055913;-1180,055913;-1195,057874;-1195,057874;-1195,057874;-1198,414485;-1201,054516;-1235,058189;-1235,058225;-1235,058358;-1236,817439;-1240,057851
157,373737;0,000000;-56,419824;-112,531342;-168,951166;-225,062684;-281,482508;-337,594026;-394,013850;-450,433673;-506,853497;-548,782983;-549,156704;-550,643461;-552,122094;-553,608852;-555,087485;-556,574243;-558,061000;-559,547758;-561,026391;-562,513149;-563,991782;-565,478539;-566,957172;-568,443930;-569,345734;-585,839910;-627,762606;-669,456217;-711,378914;-753,072525;-794,995222;-836,688833;-878,611530;-920,534227;-947,795434;-1036,442863;-1036,442863;-1036,442863;-1044,015629;-1076,243913;-1086,986674;-1110,364485;-1119,445123;-1139,380928;-1105,698854;-1086,986590;-1128,674774;-1128,673846;-1128,673475;-1141,813816;-1141,813916;-1141,814032;-1147,562210;-1152,083249;-1182,680516;-1182,639596;-1182,488506;-1184,302843;-1187,645044
165,656566;0,000000;-52,155930;-104,026854;-156,182784;-208,053708;-260,209638;-312,080562;-364,236492;-416,392421;-468,548351;-507,309042;-507,730978;-509,409550;-511,078950;-512,757522;-514,426921;-516,105493;-517,784065;-519,462637;-521,132037;-522,810609;-524,480008;-526,158580;-527,827980;-529,506552;-530,524702;-546,478066;-587,026199;-627,352757;-667,900890;-708,227449;-748,775582;-789,102141;-829,650274;-870,198407;-896,565772;-983,133446;-983,133446;-983,133446;-990,595390;-1022,352032;-1032,937580;-1058,888961;-1068,969250;-1088,842778;-1052,903615;-1032,937413;-1077,445003;-1077,443174;-1077,442443;-1088,884418;-1088,884615;-1088,884844;-1097,836008;-1104,876250;-1132,188043;-1132,107425;-1131,809757;-1133,545862;-1136,743951
173,939394;0,000000;-47,987079;-95,711933;-143,699012;-191,423867;-239,410946;-287,135800;-335,122879;-383,109958;-431,097037;-466,759565;-467,242798;-469,165224;-471,077144;-472,999570;-474,911491;-476,833917;-478,756342;-480,678768;-482,590689;-484,513115;-486,425035;-488,347461;-490,259382;-492,181808;-493,347869;-508,781404;-548,008304;-587,020850;-626,247751;-665,260297;-704,487197;-743,499743;-782,726643;-821,953544;-847,461747;-931,500842;-931,500842;-931,500842;-938,834230;-970,043762;-980,446940;-1008,695247;-1019,667730;-1039,522506;-1001,545233;-980,446749;-1027,913204;-1027,911105;-1027,910265;-1038,286873;-1038,287099;-1038,287362;-1050,430290;-1059,980908;-1084,490240;-1084,397669;-1084,055868;-1085,702408;-1088,735509
182,222222;0,000000;-44,030128;-87,819653;-131,849781;-175,639307;-219,669434;-263,458960;-307,489088;-351,519215;-395,549343;-428,271186;-428,803871;-430,923029;-433,030606;-435,149764;-437,257342;-439,376500;-441,495657;-443,614815;-445,722393;-447,841551;-449,949128;-452,068286;-454,175864;-456,295022;-457,580412;-472,572981;-510,679092;-548,576974;-586,683085;-624,580967;-662,687078;-700,584959;-738,691071;-776,797182;-801,576566;-882,915633;-882,915633;-882,915633;-890,277556;-921,608535;-932,052194;-961,242344;-972,580666;-992,501771;-953,641262;-932,052090;-981,625985;-981,624844;-981,624388;-992,038375;-992,038498;-992,038641;-1006,539466;-1017,944609;-1040,496576;-1040,446285;-1040,260596;-1041,928396;-1045,000659
190,505051;0,000000;-40,401026;-80,581281;-120,982306;-161,162561;-201,563587;-241,743842;-282,144868;-322,545893;-362,946919;-392,971725;-393,517940;-395,690923;-397,852033;-400,025016;-402,186126;-404,359109;-406,532093;-408,705077;-410,866186;-413,039170;-415,200279;-417,373263;-419,534372;-421,707356;-423,025395;-437,710992;-475,036885;-512,158811;-549,484704;-586,606630;-623,932522;-661,054448;-698,380341;-735,706233;-759,978262;-838,716545;-838,716545;-838,716545;-846,431566;-879,265263;-890,209828;-917,959989;-928,738978;-948,849042;-911,152498;-890,209974;-940,085615;-940,087206;-940,087843;-952,089499;-952,089328;-952,089129;-967,321943;-979,302808;-1001,089707;-1001,160725;-1001,422946;-1003,338422;-1006,866931
198,787879;0,000000;-37,194449;-74,185649;-111,380097;-148,371298;-185,565746;-222,556946;-259,751395;-296,945843;-334,140292;-361,782068;-362,301743;-364,369145;-366,425251;-368,492653;-370,548758;-372,616161;-374,683563;-376,750966;-378,807071;-380,874474;-382,930579;-384,997981;-387,054087;-389,121489;-390,375487;-404,878705;-441,741049;-478,401959;-515,264303;-551,925213;-588,787557;-625,448468;-662,310812;-699,173156;-723,143751;-799,494386;-799,494386;-799,494386;-807,881797;-843,577058;-855,475479;-879,590739;-888,957824;-909,323074;-874,707072;-855,475960;-903,753301;-903,758581;-903,760693;-918,826607;-918,826038;-918,825378;-933,090783;-944,310764;-966,522660;-966,779093;-967,725925;-970,076955;-974,407800
207,070707;0,000000;-34,483552;-68,778669;-103,262221;-137,557338;-172,040890;-206,336007;-240,819559;-275,303111;-309,786663;-335,413783;-335,882860;-337,748970;-339,604883;-341,470994;-343,326907;-345,193017;-347,059127;-348,925238;-350,781151;-352,647261;-354,503174;-356,369284;-358,225197;-360,091307;-361,223210;-375,593958;-412,119608;-448,445664;-484,971314;-521,297370;-557,823020;-594,149076;-630,674726;-667,200376;-690,952028;-765,083429;-765,083429;-765,083429;-774,282523;-813,432155;-826,482032;-846,182052;-853,834125;-874,369343;-843,585097;-826,482738;-872,037192;-872,044929;-872,048024;-891,053826;-891,052992;-891,052024;-903,303959;-912,940313;-936,411579;-936,862438;-938,527147;-941,307160;-946,428237
215,353535;0,000000;-32,340536;-64,504348;-96,844884;-129,008696;-161,349233;-193,513045;-225,853581;-258,194117;-290,534653;-314,569150;-314,980476;-316,616838;-318,244259;-319,880621;-321,508041;-323,144403;-324,780765;-326,417127;-328,044547;-329,680909;-331,308330;-332,944692;-334,572112;-336,208474;-337,201022;-351,411631;-387,530262;-423,451524;-459,570155;-495,491417;-531,610049;-567,531310;-603,649942;-639,768573;-663,255552;-735,284368;-735,284368;-735,284368;-745,246686;-787,644456;-801,777046;-817,750536;-823,955115;-844,419422;-817,006860;-801,777658;-844,298703;-844,305415;-844,308100;-867,505063;-867,504339;-867,503500;-877,381498;-885,150711;-910,344346;-910,941759;-913,147591;-916,148650;-921,676917
223,636364;0,000000;-30,837602;-61,506693;-92,344295;-123,013386;-153,850988;-184,520079;-215,357681;-246,195283;-277,032886;-299,950448;-300,313776;-301,759189;-303,196703;-304,642116;-306,079631;-307,525044;-308,970457;-310,415870;-311,853385;-313,298798;-314,736312;-316,181725;-317,619240;-319,064653;-319,941379;-333,886602;-369,330711;-404,581137;-440,025246;-475,275672;-510,719781;-545,970207;-581,414316;-616,858425;-639,906780;-709,897901;-709,897901;-709,897901;-720,387231;-765,027865;-779,908076;-794,312803;-799,908027;-819,904881;-794,192647;-779,908072;-819,899249;-819,899204;-819,899186;-846,914225;-846,914230;-846,914236;-854,743426;-860,901216;-887,908841;-888,548057;-890,908240;-893,721041;-898,902516
231,919192;0,000000;-29,978498;-59,793179;-89,771677;-119,586358;-149,564856;-179,379537;-209,358035;-239,336533;-269,315031;-291,594134;-291,932155;-293,276892;-294,614281;-295,959018;-297,296407;-298,641144;-299,985882;-301,330619;-302,668008;-304,012745;-305,350134;-306,694871;-308,032260;-309,376997;-310,192657;-323,711427;-358,071633;-392,244078;-426,604284;-460,776729;-495,136935;-529,309380;-563,669586;-598,029792;-620,373313;-688,337210;-688,337210;-688,337210;-698,991499;-744,334172;-759,448397;-775,376477;-781,563418;-800,664683;-774,167737;-759,447212;-798,041379;-798,028386;-798,023189;-827,938226;-827,939626;-827,941251;-834,642149;-839,912519;-868,450488;-868,999077;-871,024636;-873,136638;-877,027168
240,202020;0,000000;-29,496745;-58,832305;-88,329050;-117,664610;-147,161355;-176,496915;-205,993659;-235,490404;-264,987149;-286,908227;-287,240913;-288,564423;-289,880702;-291,204213;-292,520491;-293,844002;-295,167513;-296,491024;-297,807303;-299,130814;-300,447092;-301,770603;-303,086882;-304,410392;-305,213178;-318,174497;-351,117852;-383,881188;-416,824543;-449,587879;-482,531233;-515,294569;-548,237924;-581,181278;-602,603460;-668,485703;-668,485703;-668,485703;-679,061470;-724,069969;-739,072802;-758,439893;-765,962647;-784,198352;-755,187575;-739,070476;-777,300486;-777,274980;-777,264778;-808,930023;-808,932772;-808,935961;-815,668371;-820,963524;-850,357581;-850,770707;-852,296097;-853,478906;-855,657766
248,484848;0,000000;-29,059190;-57,959587;-87,018778;-115,919175;-144,978365;-173,878762;-202,937952;-231,997143;-261,056333;-282,652234;-282,992971;-284,348510;-285,696643;-287,052182;-288,400315;-289,755854;-291,111394;-292,466934;-293,815066;-295,170605;-296,518738;-297,874277;-299,222410;-300,577949;-301,400162;-313,724301;-345,048153;-376,200837;-407,524689;-438,677373;-470,001225;-501,153908;-532,477761;-563,801613;-584,170675;-647,849348;-647,849348;-647,849348;-658,281985;-702,681349;-717,481137;-740,505629;-749,449027;-767,428212;-735,317665;-717,478472;-756,097227;-756,068012;-756,056327;-788,167582;-788,170731;-788,174384;-796,249533;-802,600774;-831,782259;-832,131124;-833,419242;-833,824192;-834,570153
256,767677;0,000000;-28,332683;-56,510543;-84,843226;-113,021086;-141,353769;-169,531629;-197,864313;-226,196996;-254,529679;-275,585662;-275,941252;-277,355881;-278,762780;-280,177409;-281,584308;-282,998937;-284,413566;-285,828195;-287,235094;-288,649723;-290,056622;-291,471251;-292,878150;-294,292779;-295,150833;-306,809323;-336,441319;-365,911392;-395,543388;-425,013461;-454,645457;-484,115530;-513,747526;-543,379523;-562,648416;-623,934115;-623,934115;-623,934115;-634,337887;-678,614405;-693,373244;-718,576268;-728,365872;-747,276585;-712,623514;-693,371808;-732,852258;-732,836510;-732,830211;-763,928869;-763,930566;-763,932535;-774,813078;-783,370809;-810,876663;-811,348506;-813,090693;-813,248843;-813,540173
265,050505;0,000000;-26,996182;-53,844845;-80,841027;-107,689689;-134,685872;-161,534534;-188,530716;-215,526899;-242,523081;-262,585818;-262,956564;-264,431489;-265,898355;-267,373281;-268,840147;-270,315073;-271,789998;-273,264924;-274,731790;-276,206716;-277,673581;-279,148507;-280,615373;-282,090299;-282,984926;-293,999814;-321,995989;-349,839178;-377,835353;-405,678543;-433,674717;-461,517907;-489,514082;-517,510256;-535,715419;-594,359370;-594,359370;-594,359370;-605,020859;-650,394174;-665,518613;-689,796744;-699,227093;-720,799611;-685,263142;-665,520659;-706,061205;-706,083639;-706,092613;-734,588074;-734,585656;-734,582851;-749,854940;-761,866695;-785,873433;-786,764959;-790,056749;-790,860749;-792,341801
273,333333;0,000000;-25,005763;-49,874883;-74,880647;-99,749767;-124,755530;-149,624650;-174,630414;-199,636177;-224,641940;-243,225459;-243,607127;-245,125504;-246,635584;-248,153962;-249,664042;-251,182419;-252,700796;-254,219173;-255,729253;-257,247631;-258,757711;-260,276088;-261,786168;-263,304545;-264,225528;-274,652187;-301,153280;-327,509557;-354,010649;-380,366927;-406,868019;-433,224297;-459,725389;-486,226481;-503,459432;-559,339261;-559,339261;-559,339261;-570,567368;-618,352103;-634,280348;-654,569346;-662,450196;-688,115494;-653,511518;-634,287086;-675,935107;-676,008977;-676,038525;-700,721247;-700,713286;-700,704048;-721,438258;-737,746063;-756,847171;-758,414275;-764,200507;-766,489581;-770,706296
281,616162;0,000000;-22,593827;-45,064190;-67,658017;-90,128380;-112,722207;-135,192570;-157,786397;-180,380224;-202,974051;-219,765091;-220,150865;-221,685576;-223,211900;-224,746611;-226,272935;-227,807646;-229,342356;-230,877067;-232,403391;-233,938102;-235,464426;-236,999137;-238,525461;-240,060172;-240,991062;-250,901054;-276,088951;-301,139209;-326,327107;-351,377365;-376,565262;-401,615520;-426,803418;-451,991315;-468,370330;-521,675291;-521,675291;-521,675291;-533,651664;-584,620876;-601,610614;-616,544398;-622,345124;-652,395739;-619,754501;-601,620479;-644,395515;-644,503663;-644,546923;-665,099997;-665,088342;-665,074817;-691,188900;-711,728066;-725,709179;-728,017089;-736,538604;-740,684726;-748,322318
289,898990;0,000000;-20,004725;-39,900135;-59,904860;-79,800269;-99,804994;-119,700404;-139,705129;-159,709854;-179,714579;-194,581478;-194,962044;-196,476033;-197,981749;-199,495738;-201,001454;-202,515444;-204,029433;-205,543422;-207,049138;-208,563127;-210,068844;-211,582833;-213,088549;-214,602538;-215,520859;-225,001195;-249,097047;-273,061229;-297,157081;-321,121263;-345,217115;-369,181297;-393,277149;-417,373002;-433,041890;-484,280884;-484,280884;-484,280884;-497,053446;-551,411094;-569,530310;-579,512718;-583,390182;-616,943925;-586,469259;-569,538889;-613,437966;-613,532006;-613,569623;-630,590901;-630,580767;-630,569006;-660,800327;-684,577771;-694,450205;-697,367001;-708,136709;-714,026702;-724,876689
298,181818;0,000000;-17,482811;-34,870087;-52,352898;-69,740174;-87,222985;-104,610261;-122,093072;-139,575882;-157,058693;-170,051383;-170,414928;-171,861204;-173,299577;-174,745854;-176,184227;-177,630503;-179,076780;-180,523056;-181,961429;-183,407706;-184,846079;-186,292355;-187,730728;-189,177005;-190,054254;-199,207391;-222,471613;-245,608708;-268,872930;-292,010026;-315,274248;-338,411343;-361,675565;-384,939787;-400,067888;-450,069458;-450,069458;-450,069458;-463,552412;-520,933354;-540,060335;-547,265123;-550,063677;-585,063627;-556,132958;-540,060364;-585,057997;-585,058314;-585,058440;-600,060537;-600,060503;-600,060463;-631,966002;-657,060247;-665,060995;-668,257609;-680,060490;-687,096027;-700,056226
306,464647;0,000000;-15,237143;-30,391022;-45,628165;-60,782045;-76,019187;-91,173067;-106,410210;-121,647352;-136,884495;-148,208273;-148,541668;-149,868002;-151,187088;-152,513421;-153,832507;-155,158840;-156,485174;-157,811507;-159,130593;-160,456926;-161,776012;-163,102345;-164,421431;-165,747765;-166,552262;-175,484311;-198,186602;-220,764837;-243,467128;-266,045363;-288,747654;-311,325889;-334,028180;-356,730472;-371,493164;-421,260831;-421,260831;-421,260831;-435,266848;-494,873853;-514,742855;-522,595426;-525,645598;-559,247239;-530,626734;-514,726454;-560,785245;-560,605458;-560,533544;-575,625469;-575,644844;-575,667329;-606,058241;-629,961206;-639,180086;-642,202434;-653,361873;-660,603041;-673,942034
314,747475;0,000000;-13,334672;-26,596477;-39,931149;-53,192953;-66,527625;-79,789430;-93,124102;-106,458774;-119,793446;-129,703366;-129,996921;-131,164759;-132,326216;-133,494054;-134,655511;-135,823349;-136,991188;-138,159026;-139,320483;-140,488321;-141,649778;-142,817616;-143,979073;-145,146911;-145,855272;-154,628508;-176,927149;-199,103939;-221,402580;-243,579370;-265,878011;-288,054801;-310,353442;-332,652082;-347,152291;-397,282066;-397,282066;-397,282066;-411,651914;-472,807314;-493,192447;-504,283062;-508,590986;-538,720979;-509,431847;-493,160107;-540,273421;-539,918909;-539,777105;-556,382393;-556,420598;-556,464934;-583,156290;-604,149491;-617,027866;-619,587285;-629,037446;-635,780802;-648,202775
323,030303;0,000000;-11,806588;-23,548658;-35,355246;-47,097317;-58,903904;-70,645975;-82,452563;-94,259150;-106,065738;-114,840033;-115,088691;-116,077921;-117,061744;-118,050974;-119,034797;-120,024026;-121,013256;-122,002485;-122,986309;-123,975538;-124,959362;-125,948591;-126,932414;-127,921644;-128,521668;-137,142577;-159,054053;-180,845795;-202,757271;-224,549013;-246,460490;-268,252231;-290,163708;-312,075184;-326,323631;-376,857427;-376,857427;-376,857427;-391,492587;-453,777104;-474,538609;-490,097243;-496,140679;-521,889127;-491,425622;-474,501453;-522,704159;-522,296849;-522,133925;-540,668047;-540,711943;-540,762883;-563,013989;-580,514860;-598,467842;-600,514176;-608,069871;-613,993912;-624,906620
331,313131;0,000000;-10,684079;-21,309775;-31,993854;-42,619551;-53,303630;-63,929326;-74,613405;-85,297484;-95,981563;-103,921644;-104,124985;-104,933930;-105,738454;-106,547398;-107,351922;-108,160866;-108,969811;-109,778755;-110,583279;-111,392224;-112,196748;-113,005692;-113,810216;-114,619161;-115,109832;-123,529112;-144,928116;-166,210185;-187,609189;-208,891259;-230,290263;-251,572332;-272,971336;-294,370340;-308,285540;-358,711179;-358,711179;-358,711179;-373,573846;-436,826591;-457,910840;-477,807182;-485,535513;-507,155966;-475,485387;-457,890621;-507,259092;-507,037458;-506,948805;-526,819174;-526,843059;-526,870777;-545,385182;-559,947073;-583,363521;-585,085123;-591,441811;-596,606973;-606,121744
339,595960;0,000000;-9,993660;-19,932710;-29,926370;-39,865420;-49,859081;-59,798131;-69,791791;-79,785451;-89,779111;-97,206094;-97,368275;-98,013476;-98,655151;-99,300352;-99,942027;-100,587228;-101,232429;-101,877630;-102,519305;-103,164506;-103,806181;-104,451382;-105,093057;-105,738258;-106,129609;-114,244302;-134,869144;-155,381283;-176,006126;-196,518265;-217,143107;-237,655246;-258,280089;-278,904932;-292,316714;-341,590813;-341,590813;-341,590813;-356,703465;-421,020096;-442,458973;-465,241831;-474,091370;-492,966857;-460,515561;-442,487063;-493,135454;-493,448138;-493,573211;-513,215957;-513,182774;-513,144264;-530,024394;-543,300900;-571,569204;-573,384173;-580,085597;-584,922790;-593,833408
347,878788;0,000000;-9,651487;-19,250233;-28,901720;-38,500466;-48,151953;-57,750699;-67,402186;-77,053673;-86,705160;-93,877849;-94,006296;-94,517289;-95,025490;-95,536483;-96,044684;-96,555677;-97,066670;-97,577663;-98,085864;-98,596857;-99,105058;-99,616051;-100,124252;-100,635245;-100,945192;-108,648957;-128,229361;-147,702768;-167,283172;-186,756579;-206,336983;-225,810390;-245,390794;-264,971197;-277,703810;-324,792110;-324,792110;-324,792110;-340,227278;-405,916479;-427,812879;-451,640258;-460,895521;-478,736830;-446,060033;-427,906257;-479,898667;-481,053876;-481,515960;-499,264096;-499,153783;-499,025765;-516,702313;-530,605216;-562,721938;-565,071227;-573,745526;-578,785577;-588,069881
356,161616;0,000000;-9,461766;-18,871827;-28,333593;-37,743655;-47,205420;-56,615482;-66,077248;-75,539014;-85,000779;-92,032474;-92,136544;-92,550562;-92,962318;-93,376337;-93,788093;-94,202111;-94,616129;-95,030148;-95,441904;-95,855922;-96,267678;-96,681696;-97,093452;-97,507471;-97,758597;-104,992721;-123,379452;-141,665710;-160,052442;-178,338700;-196,725432;-215,011690;-233,398421;-251,785153;-263,741553;-308,167041;-308,167041;-308,167041;-324,036939;-391,576273;-414,089384;-437,671978;-446,832159;-464,864568;-432,311391;-414,226292;-467,487655;-469,600387;-470,445480;-485,409583;-485,247845;-485,060148;-505,206023;-521,051092;-556,238374;-559,375926;-570,960733;-576,559922;-586,874218
364,444444;0,000000;-9,223710;-18,397016;-27,620726;-36,794033;-46,017742;-55,191049;-64,414759;-73,638468;-82,862178;-89,716957;-89,807885;-90,169622;-90,529383;-90,891120;-91,250881;-91,612618;-91,974355;-92,336092;-92,695853;-93,057590;-93,417351;-93,779088;-94,138848;-94,500586;-94,720000;-101,475667;-118,646321;-135,723147;-152,893801;-169,970627;-187,141281;-204,218106;-221,388760;-238,559414;-249,725031;-291,592387;-291,592387;-291,592387;-308,048449;-378,082388;-401,427034;-424,070312;-432,865635;-451,792629;-419,491154;-401,545890;-455,858003;-458,843232;-460,037324;-472,144818;-472,004406;-471,841458;-495,323336;-513,792228;-551,525335;-555,508719;-570,216596;-576,544414;-588,200920
372,727273;0,000000;-8,736532;-17,425323;-26,161855;-34,850646;-43,587178;-52,275969;-61,012501;-69,749033;-78,485565;-84,978288;-85,069185;-85,430795;-85,790430;-86,152040;-86,511675;-86,873285;-87,234896;-87,596506;-87,956140;-88,317751;-88,677385;-89,038996;-89,398630;-89,760241;-89,979578;-96,297873;-112,356871;-128,328115;-144,387113;-160,358357;-176,417356;-192,388600;-208,447598;-224,506596;-234,949333;-274,944931;-274,944931;-274,944931;-292,177810;-365,517735;-389,964377;-411,568584;-419,960301;-439,963573;-407,820845;-389,963774;-444,965295;-448,537971;-449,967042;-459,962200;-459,962913;-459,963740;-486,842066;-507,982323;-547,989642;-552,680053;-569,998491;-577,037638;-590,004487
381,010101;0,000000;-7,866179;-15,689372;-23,555551;-31,378745;-39,244923;-47,068117;-54,934296;-62,800474;-70,666653;-76,512556;-76,617062;-77,032815;-77,446296;-77,862048;-78,275529;-78,691281;-79,107034;-79,522787;-79,936267;-80,352020;-80,765501;-81,181253;-81,594734;-82,010487;-82,262664;-88,219062;-103,358240;-118,414691;-133,553869;-148,610319;-163,749497;-178,805948;-193,945126;-209,084304;-218,928906;-258,147605;-258,147605;-258,147605;-276,360469;-353,871031;-379,707885;-400,696903;-408,849662;-429,698543;-397,399836;-379,456110;-434,777535;-438,505856;-439,997184;-449,268596;-449,570617;-449,921110;-479,598406;-502,940099;-545,140473;-550,251818;-569,124477;-576,704867;-590,668744
389,292929;0,000000;-6,742905;-13,448963;-20,191867;-26,897925;-33,640830;-40,346888;-47,089793;-53,832697;-60,575602;-65,586722;-65,713688;-66,218791;-66,721134;-67,226237;-67,728580;-68,233683;-68,738787;-69,243890;-69,746233;-70,251336;-70,753679;-71,258782;-71,761125;-72,266228;-72,572602;-78,215555;-92,558060;-106,822191;-121,164696;-135,428826;-149,771331;-164,035462;-178,377967;-192,720472;-202,047019;-241,306129;-241,306129;-241,306129;-260,608903;-342,757918;-370,140923;-391,180511;-399,352913;-420,837785;-387,843708;-369,513665;-425,311918;-428,828321;-430,234882;-440,132117;-440,909619;-441,811905;-473,620155;-498,637879;-542,892403;-548,185718;-567,730265;-575,663700;-590,277922
397,575758;0,000000;-5,562393;-11,094390;-16,656782;-22,188780;-27,751172;-33,283169;-38,845562;-44,407955;-49,970347;-54,104147;-54,256314;-54,861675;-55,463727;-56,069087;-56,671139;-57,276499;-57,881859;-58,487219;-59,089272;-59,694632;-60,296684;-60,902044;-61,504096;-62,109456;-62,476642;-67,812372;-81,374020;-94,861560;-108,423208;-121,910748;-135,472396;-148,959937;-162,521584;-176,083232;-184,902009;-224,571469;-224,571469;-224,571469;-244,954651;-331,701685;-360,617364;-382,545414;-391,062921;-413,102506;-378,648282;-359,507047;-416,597815;-419,651208;-420,872565;-432,537016;-433,971628;-435,636486;-468,982545;-495,209782;-541,260359;-546,591933;-566,277743;-574,391249;-589,337181
405,858586;0,000000;-4,520326;-9,015950;-13,536275;-18,031900;-22,552225;-27,047849;-31,568175;-36,088500;-40,608826;-43,968194;-44,142195;-44,834416;-45,522855;-46,215076;-46,903515;-47,595737;-48,287958;-48,980180;-49,668618;-50,360840;-51,049279;-51,741500;-52,429939;-53,122160;-53,542032;-58,534534;-71,223810;-83,843745;-96,533020;-109,152955;-121,842231;-134,462166;-147,151441;-159,840716;-168,092212;-208,094592;-208,094592;-208,094592;-229,429257;-320,225624;-350,491079;-374,317617;-383,572554;-406,213913;-369,309381;-348,806863;-408,664598;-411,120358;-412,102662;-426,467545;-428,748353;-431,395216;-465,760808;-492,789926;-540,259271;-545,580645;-565,228794;-573,364623;-588,351677
414,141414;0,000000;-3,805321;-7,589847;-11,395168;-15,179694;-18,985015;-22,769541;-26,574862;-30,380182;-34,185503;-37,013500;-37,200083;-37,942357;-38,680575;-39,422849;-40,161066;-40,903340;-41,645614;-42,387888;-43,126106;-43,868380;-44,606598;-45,348872;-46,087090;-46,829364;-47,279595;-51,853094;-63,477401;-75,038188;-86,662496;-98,223283;-109,847590;-121,408377;-133,032685;-144,656993;-152,215969;-192,033556;-192,033556;-192,033556;-214,078878;-307,899666;-339,173262;-366,064960;-376,510495;-399,921010;-359,369896;-336,841499;-401,566645;-403,406485;-404,142421;-421,923752;-425,246807;-429,103192;-464,043922;-491,525395;-539,924255;-545,280187;-565,055935;-573,072419;-587,839626
422,424242;0,000000;-3,443495;-6,868173;-10,311669;-13,736347;-17,179842;-20,604520;-24,048016;-27,491511;-30,935006;-33,494106;-33,683271;-34,435819;-35,184255;-35,936803;-36,685239;-37,437787;-38,190335;-38,942883;-39,691319;-40,443867;-41,192303;-41,944851;-42,693287;-43,445835;-43,902298;-47,997814;-58,407252;-68,759807;-79,169244;-89,521799;-99,931236;-110,283791;-120,693228;-131,102666;-137,871644;-176,709486;-176,709486;-176,709486;-199,285831;-295,366552;-327,393460;-358,317447;-370,329244;-394,612190;-349,455326;-324,368179;-395,933506;-397,252371;-397,779917;-419,268967;-423,825999;-429,114407;-464,236997;-491,861507;-540,754784;-546,236384;-566,476140;-574,267361;-588,619611
430,707071;0,000000;-3,298467;-6,578909;-9,877376;-13,157819;-16,456286;-19,736728;-23,035195;-26,333662;-29,632129;-32,083449;-32,269590;-33,010108;-33,746579;-34,487097;-35,223568;-35,964085;-36,704603;-37,445121;-38,181592;-38,922110;-39,658581;-40,399099;-41,135570;-41,876088;-42,325254;-45,957174;-55,188303;-64,368988;-73,600117;-82,780803;-92,011932;-101,192617;-110,423746;-119,654875;-125,657631;-162,606575;-162,606575;-162,606575;-185,768592;-284,341828;-317,199573;-352,567254;-366,305114;-391,315231;-341,273778;-313,472970;-392,969901;-393,972863;-394,374048;-419,229805;-425,196934;-432,121750;-467,061281;-494,541811;-543,714683;-549,412553;-570,450841;-577,966303;-591,810575
438,989899;0,000000;-3,226788;-6,435943;-9,662731;-12,871886;-16,098674;-19,307830;-22,534618;-25,761405;-28,988193;-31,386243;-31,568370;-32,292916;-33,013502;-33,738048;-34,458635;-35,183181;-35,907727;-36,632272;-37,352859;-38,077405;-38,797992;-39,522537;-40,243124;-40,967670;-41,407149;-44,665679;-52,947778;-61,184620;-69,466719;-77,703560;-85,985659;-94,222501;-102,504599;-110,786698;-116,172325;-150,216105;-150,216105;-150,216105;-174,260254;-276,587681;-310,696823;-350,348387;-365,750235;-391,085711;-336,580427;-306,299713;-393,905557;-394,907684;-395,308535;-422,548672;-430,085917;-438,832843;-473,251762;-500,322822;-549,787969;-555,790161;-577,952102;-585,197584;-598,544524
447,272727;0,000000;-3,085010;-6,153163;-9,238174;-12,306326;-15,391337;-18,459489;-21,544500;-24,629510;-27,714521;-30,007206;-30,188942;-30,911938;-31,630983;-32,353978;-33,073023;-33,796018;-34,519013;-35,242009;-35,961053;-36,684049;-37,403093;-38,126089;-38,845133;-39,568129;-40,006667;-43,057839;-50,812902;-58,525588;-66,280651;-73,993337;-81,748400;-89,461085;-97,216148;-104,971212;-110,014121;-140,029360;-140,029360;-140,029360;-165,493910;-273,866300;-309,990430;-353,194854;-369,976739;-394,979205;-337,130449;-304,992252;-399,970203;-401,396554;-401,967094;-429,967979;-439,219258;-449,955310;-483,543434;-509,961059;-559,958658;-566,350679;-589,951985;-596,989542;-609,953463
455,555556;0,000000;-2,765539;-5,515967;-8,281506;-11,031933;-13,797472;-16,547900;-19,313439;-22,078978;-24,844518;-26,899782;-27,087551;-27,834546;-28,577458;-29,324453;-30,067366;-30,814360;-31,561355;-32,308350;-33,051262;-33,798257;-34,541170;-35,288164;-36,031077;-36,778072;-37,231167;-40,287221;-48,054693;-55,779720;-63,547192;-71,272218;-79,039690;-86,764717;-94,532189;-102,299660;-107,350639;-132,214235;-132,214235;-132,214235;-159,805457;-277,228563;-316,369599;-362,073205;-379,825845;-403,705871;-344,036766;-310,887263;-411,918890;-414,241046;-415,169909;-441,904540;-452,979759;-465,832483;-498,393872;-524,003953;-574,964112;-581,822282;-607,144758;-614,078114;-626,850085
463,838384;0,000000;-2,305613;-4,598628;-6,904241;-9,197256;-11,502869;-13,795883;-16,101497;-18,407110;-20,712724;-22,426185;-22,621860;-23,400307;-24,174499;-24,952946;-25,727139;-26,505586;-27,284032;-28,062479;-28,836672;-29,615119;-30,389311;-31,167758;-31,941951;-32,720398;-33,192570;-36,392331;-44,525055;-52,613339;-60,746063;-68,834347;-76,967071;-85,055355;-93,188079;-101,320804;-106,609297;-125,632236;-125,632236;-125,632236;-155,926235;-284,851861;-327,827069;-375,657624;-394,236435;-416,580453;-355,817769;-322,060722;-428,589123;-432,068772;-433,460631;-457,459873;-470,362567;-485,336063;-517,139987;-542,154308;-594,545285;-601,909933;-629,102479;-636,018014;-648,757156
472,121212;0,000000;-1,779039;-3,548357;-5,327396;-7,096714;-8,875753;-10,645071;-12,424110;-14,203150;-15,982189;-17,304316;-17,503367;-18,295243;-19,082791;-19,874667;-20,662216;-21,454091;-22,245967;-23,037843;-23,825391;-24,617267;-25,404815;-26,196691;-26,984240;-27,776115;-28,256433;-31,635104;-40,222557;-48,763084;-57,350537;-65,891064;-74,478517;-83,019045;-91,606498;-100,193951;-105,778142;-118,815030;-118,815030;-118,815030;-152,182468;-294,188078;-341,523281;-392,043519;-411,667082;-432,565385;-370,336780;-335,765333;-448,334262;-452,958456;-454,808133;-475,403408;-490,012468;-506,966190;-538,835738;-563,901674;-618,191559;-626,060248;-655,113868;-662,065720;-674,871763
480,404040;0,000000;-1,259624;-2,512364;-3,771988;-5,024729;-6,284352;-7,537093;-8,796717;-10,056341;-11,315964;-12,252078;-12,443570;-13,205376;-13,963020;-14,724825;-15,482469;-16,244275;-17,006081;-17,767887;-18,525530;-19,287336;-20,044979;-20,806785;-21,564428;-22,326234;-22,788313;-26,277476;-35,145766;-43,965595;-52,833884;-61,653713;-70,522003;-79,341832;-88,210122;-97,078411;-102,845223;-110,294283;-110,294283;-110,294283;-146,900377;-302,689102;-354,618677;-409,326295;-430,576361;-450,623098;-385,457122;-349,253802;-469,507664;-474,988824;-477,181287;-494,504574;-510,574248;-529,223006;-562,535086;-588,735597;-645,392313;-653,719843;-684,467645;-691,477711;-704,390989
488,686869;0,000000;-0,819262;-1,634048;-2,453310;-3,268096;-4,087359;-4,902144;-5,721407;-6,540669;-7,359931;-7,968782;-8,135709;-8,799788;-9,460237;-10,124316;-10,784766;-11,448844;-12,112923;-12,777001;-13,437451;-14,101529;-14,761979;-15,426058;-16,086507;-16,750586;-17,153388;-20,584947;-29,306827;-37,981047;-46,702927;-55,377147;-64,099027;-72,773247;-81,495127;-90,217008;-95,888613;-98,678257;-98,678257;-98,678257;-138,491054;-307,926909;-364,405528;-425,685753;-449,488816;-469,764586;-399,139123;-359,902754;-490,527511;-496,316360;-498,631900;-513,603094;-530,771425;-550,695166;-587,353707;-616,186267;-675,675454;-684,375477;-716,498638;-723,557825;-736,561591
496,969697;0,000000;-0,487006;-0,971351;-1,458357;-1,942702;-2,429708;-2,914052;-3,401058;-3,888064;-4,375070;-4,736998;-4,863701;-5,367756;-5,869057;-6,373112;-6,874413;-7,378469;-7,882524;-8,386579;-8,887880;-9,391935;-9,893236;-10,397292;-10,898592;-11,402648;-11,708386;-14,902893;-23,022265;-31,097268;-39,216640;-47,291643;-55,411015;-63,486018;-71,605390;-79,724761;-85,004571;-84,292317;-84,292317;-84,292317;-127,268214;-310,165636;-371,131444;-441,193701;-468,407966;-490,089475;-411,517821;-367,866903;-511,265156;-516,840752;-519,070991;-533,114559;-551,092432;-571,955642;-613,790826;-646,694902;-709,432588;-718,413813;-751,575258;-758,671608;-771,743831
505,252525;0,000000;-0,249669;-0,497974;-0,747644;-0,995949;-1,245618;-1,493923;-1,743593;-1,993262;-2,242931;-2,428478;-2,507960;-2,824159;-3,138631;-3,454830;-3,769302;-4,085501;-4,401701;-4,717900;-5,032372;-5,348571;-5,663043;-5,979242;-6,293714;-6,609913;-6,801706;-9,655432;-16,908651;-24,122236;-31,375455;-38,589040;-45,842259;-53,055843;-60,309063;-67,562282;-72,278857;-69,154528;-69,154528;-69,154528;-115,421156;-312,323317;-377,957371;-457,787050;-488,795272;-512,770554;-424,872053;-376,039553;-533,024469;-538,180111;-540,242368;-555,008028;-573,765540;-595,533518;-643,709548;-681,600808;-747,906740;-757,108625;-791,084815;-798,231222;-811,395656
513,535354;0,000000;-0,092278;-0,184052;-0,276330;-0,368103;-0,460381;-0,552155;-0,644433;-0,736711;-0,828989;-0,897567;-0,931805;-1,068012;-1,203475;-1,339682;-1,475145;-1,611352;-1,747559;-1,883766;-2,019229;-2,155436;-2,290898;-2,427106;-2,562568;-2,698775;-2,781393;-5,270018;-11,595274;-17,885965;-24,211220;-30,501912;-36,827167;-43,117859;-49,443114;-55,768370;-59,881514;-55,354667;-55,354667;-55,354667;-105,218638;-317,430421;-388,167682;-477,481733;-512,173968;-539,026075;-441,571480;-387,430038;-557,170009;-562,025350;-563,967487;-581,318373;-601,092730;-624,040750;-679,030763;-722,281334;-792,377007;-801,771271;-836,457784;-843,693171;-857,021515
521,818182;0,000000;0,000000;0,000000;0,000000;0,000000;0,000000;0,000000;0,000000;0,000000;0,000000;0,000000;0,000000;0,000000;0,000000;0,000000;0,000000;0,000000;0,000000;0,000000;0,000000;0,000000;0,000000;0,000000;0,000000;0,000000;0,000000;-2,178418;-7,715230;-13,221787;-18,758599;-24,265155;-29,801968;-35,308524;-40,845336;-46,382149;-49,982589;-44,982510;-44,982510;-44,982510;-98,929417;-328,517417;-405,046750;-502,293682;-540,067284;-570,074292;-463,985760;-405,047687;-585,066339;-590,067385;-592,067803;-614,080467;-635,375981;-660,089295;-721,675358;-770,113835;-844,122488;-853,713111;-889,124641;-896,513958;-910,125858
530,101010;0,000000;0,000000;0,000000;0,000000;0,000000;0,000000;0,000000;0,000000;0,000000;0,000000;0,000000;0,000000;0,000000;0,000000;0,000000;0,000000;0,000000;0,000000;0,000000;0,000000;0,000000;0,000000;0,000000;0,000000;0,000000;0,000000;-1,924237;-6,815008;-11,679052;-16,569823;-21,433867;-26,324637;-31,188682;-36,079452;-40,970223;-44,150560;-39,501781;-39,501781;-39,501781;-98,122050;-347,599011;-430,757997;-533,509426;-573,421138;-606,562007;-493,627317;-430,885823;-617,596606;-623,390473;-625,708020;-654,491332;-677,998954;-705,279403;-772,730684;-825,782254;-903,800394;-913,629625;-949,922173;-957,563222;-971,638840
538,383838;0,000000;0,000000;0,000000;0,000000;0,000000;0,000000;0,000000;0,000000;0,000000;0,000000;0,000000;0,000000;0,000000;0,000000;0,000000;0,000000;0,000000;0,000000;0,000000;0,000000;0,000000;0,000000;0,000000;0,000000;0,000000;0,000000;-1,811481;-6,415661;-10,994682;-15,598862;-20,177883;-24,782063;-29,361084;-33,965264;-38,569444;-41,563420;-37,888430;-37,888430;-37,888430;-101,582674;-372,653528;-463,010479;-569,517030;-610,887344;-646,865223;-528,602125;-462,900403;-653,730954;-660,668180;-663,443071;-700,418592;-726,696137;-757,191065;-829,971820;-887,215110;-969,596721;-979,768960;-1017,327994;-1025,378547;-1040,208512
546,666667;0,000000;0,000000;0,000000;0,000000;0,000000;0,000000;0,000000;0,000000;0,000000;0,000000;0,000000;0,000000;0,000000;0,000000;0,000000;0,000000;0,000000;0,000000;0,000000;0,000000;0,000000;0,000000;0,000000;0,000000;0,000000;0,000000;-1,778446;-6,298665;-10,794182;-15,314400;-19,809918;-24,330136;-28,825654;-33,345872;-37,866090;-40,805467;-38,500543;-38,500543;-38,500543;-107,406384;-400,656823;-498,406969;-607,984704;-650,547956;-688,795968;-566,170134;-498,044671;-691,964414;-699,975352;-703,179728;-748,902980;-778,295715;-812,405802;-890,351209;-951,656586;-1039,083719;-1049,771441;-1089,233797;-1097,918327;-1113,916145
554,949495;0,000000;0,000000;0,000000;0,000000;0,000000;0,000000;0,000000;0,000000;0,000000;0,000000;0,000000;0,000000;0,000000;0,000000;0,000000;0,000000;0,000000;0,000000;0,000000;0,000000;0,000000;0,000000;0,000000;0,000000;0,000000;0,000000;-1,763433;-6,245493;-10,703061;-15,185121;-19,642688;-24,124748;-28,582316;-33,064375;-37,546435;-40,460999;-39,696208;-39,696208;-39,696208;-113,688276;-428,584748;-533,550239;-646,580654;-690,485030;-730,166269;-603,591296;-533,271867;-730,792015;-739,386836;-742,824764;-796,985230;-829,625872;-867,505135;-950,821300;-1016,350868;-1109,833636;-1121,277395;-1163,531275;-1173,140960;-1190,843011
563,232323;0,000000;-0,007103;-0,014167;-0,021270;-0,028335;-0,035438;-0,042502;-0,049605;-0,056708;-0,063811;-0,069090;-0,071916;-0,083157;-0,094337;-0,105579;-0,116759;-0,128001;-0,139242;-0,150484;-0,161664;-0,172905;-0,184085;-0,195327;-0,206507;-0,217748;-0,224567;-1,921280;-6,233760;-10,522674;-14,835154;-19,124068;-23,436548;-27,725462;-32,037942;-36,350422;-39,154712;-39,878586;-39,878586;-39,878586;-118,575731;-453,496139;-565,136275;-683,026371;-728,818392;-768,839786;-638,193013;-565,611472;-768,734304;-777,024181;-780,340131;-841,777112;-877,589706;-919,150001;-1008,410420;-1078,615244;-1179,462631;-1191,966826;-1238,136160;-1249,021917;-1269,074628
571,515152;0,000000;-0,013177;-0,026283;-0,039460;-0,052566;-0,065743;-0,078849;-0,092026;-0,105203;-0,118381;-0,128174;-0,133416;-0,154271;-0,175012;-0,195867;-0,216608;-0,237463;-0,258318;-0,279173;-0,299914;-0,320769;-0,341510;-0,362364;-0,383105;-0,403960;-0,416610;-1,986868;-5,977939;-9,947201;-13,938272;-17,907534;-21,898606;-25,867868;-29,858939;-33,850010;-36,445297;-38,492886;-38,492886;-38,492886;-121,424931;-474,368289;-592,016075;-716,275188;-764,541125;-803,873836;-668,862029;-593,855469;-804,901717;-812,088653;-814,963428;-882,032610;-920,822227;-965,837338;-1061,901260;-1137,457154;-1246,602032;-1260,436990;-1311,519911;-1323,931424;-1346,794738
579,797980;0,000000;-0,011505;-0,022947;-0,034451;-0,045893;-0,057398;-0,068840;-0,080344;-0,091849;-0,103354;-0,111904;-0,116481;-0,134688;-0,152796;-0,171004;-0,189112;-0,207320;-0,225527;-0,243735;-0,261843;-0,280051;-0,298159;-0,316366;-0,334474;-0,352682;-0,363726;-1,778639;-5,374876;-8,951461;-12,547698;-16,124283;-19,720520;-23,297105;-26,893342;-30,489578;-32,828115;-36,029351;-36,029351;-36,029351;-122,804321;-492,102448;-615,201823;-746,515814;-797,522075;-835,522813;-696,048906;-618,563402;-838,996269;-844,864335;-847,211562;-918,152638;-959,695322;-1007,905349;-1111,835899;-1193,579028;-1310,901250;-1326,205032;-1382,711306;-1396,635591;-1422,285589
588,080808;0,000000;-0,005861;-0,011689;-0,017550;-0,023378;-0,029239;-0,035067;-0,040928;-0,046788;-0,052649;-0,057004;-0,059335;-0,068610;-0,077835;-0,087110;-0,096334;-0,105609;-0,114884;-0,124159;-0,133383;-0,142658;-0,151883;-0,161158;-0,170382;-0,179657;-0,185283;-1,434133;-4,608295;-7,765111;-10,939272;-14,096089;-17,270250;-20,427067;-23,601228;-26,775390;-28,839462;-33,023899;-33,023899;-33,023899;-123,335324;-507,683947;-635,800155;-773,990944;-827,668358;-864,093429;-720,272550;-640,372062;-870,745831;-875,682628;-877,657348;-950,610087;-994,656785;-1045,772706;-1158,833306;-1247,757373;-1372,054186;-1388,828298;-1450,763483;-1465,917829;-1493,833730
596,363636;0,000000;-0,000021;-0,000041;-0,000061;-0,000082;-0,000102;-0,000123;-0,000143;-0,000164;-0,000184;-0,000199;-0,000208;-0,000240;-0,000272;-0,000305;-0,000337;-0,000370;-0,000402;-0,000434;-0,000467;-0,000499;-0,000532;-0,000564;-0,000596;-0,000629;-0,000648;-1,090890;-3,861920;-6,617809;-9,388839;-12,144727;-14,915758;-17,671646;-20,442677;-23,213707;-25,015634;-30,012445;-30,012445;-30,012445;-123,639365;-522,098119;-654,917704;-798,943277;-854,887094;-889,892395;-742,051865;-659,918238;-899,878272;-904,874935;-906,873601;-979,877843;-1026,154410;-1079,858079;-1203,512450;-1300,768697;-1429,754743;-1447,864134;-1514,729577;-1530,561551;-1559,725713
604,646465;0,000000;0,000000;0,000000;0,000000;0,000000;0,000000;0,000000;0,000000;0,000000;0,000000;0,000000;0,000000;0,000000;0,000000;0,000000;0,000000;0,000000;0,000000;0,000000;0,000000;0,000000;0,000000;0,000000;0,000000;0,000000;0,000000;-0,949801;-3,363877;-5,764762;-8,178838;-10,579723;-12,993799;-15,394684;-17,808760;-20,222837;-21,792646;-27,413971;-27,413971;-27,413971;-124,153306;-535,857917;-673,092787;-821,232091;-878,773804;-912,792421;-761,492527;-677,437030;-925,781165;-932,221389;-934,797479;-1005,941848;-1054,210195;-1110,225313;-1245,998031;-1352,785562;-1483,824069;-1503,036190;-1573,973250;-1589,761288;-1618,844517
612,929293;0,000000;0,000000;0,000000;0,000000;0,000000;0,000000;0,000000;0,000000;0,000000;0,000000;0,000000;0,000000;0,000000;0,000000;0,000000;0,000000;0,000000;0,000000;0,000000;0,000000;0,000000;0,000000;0,000000;0,000000;0,000000;0,000000;-0,836807;-2,963690;-5,078952;-7,205835;-9,321096;-11,447980;-13,563241;-15,690125;-17,817009;-19,200064;-25,173525;-25,173525;-25,173525;-124,565970;-547,561722;-688,560306;-839,162662;-897,661097;-930,907199;-777,025373;-691,535470;-946,462830;-955,267811;-958,789803;-1026,814423;-1077,120382;-1135,500136;-1284,411463;-1401,532732;-1534,599041;-1554,742156;-1629,116733;-1644,377860;-1672,490463
621,212121;0,000000;0,000000;0,000000;0,000000;0,000000;0,000000;0,000000;0,000000;0,000000;0,000000;0,000000;0,000000;0,000000;0,000000;0,000000;0,000000;0,000000;0,000000;0,000000;0,000000;0,000000;0,000000;0,000000;0,000000;0,000000;0,000000;-0,748089;-2,649483;-4,540487;-6,441881;-8,332885;-10,234279;-12,125282;-14,026676;-15,928070;-17,164496;-23,116101;-23,116101;-23,116101;-124,376692;-555,322929;-698,971675;-850,646612;-909,561671;-941,904834;-786,656983;-700,408176;-959,582209;-970,994036;-975,558767;-1040,007944;-1092,744051;-1153,943977;-1316,366699;-1444,114908;-1582,547179;-1603,550467;-1681,101071;-1695,694178;-1722,576218
629,494949;0,000000;0,000000;0,000000;0,000000;0,000000;0,000000;0,000000;0,000000;0,000000;0,000000;0,000000;0,000000;0,000000;0,000000;0,000000;0,000000;0,000000;0,000000;0,000000;0,000000;0,000000;0,000000;0,000000;0,000000;0,000000;0,000000;-0,680450;-2,409927;-4,129954;-5,859431;-7,579457;-9,308935;-11,028961;-12,758438;-14,487916;-15,612548;-21,066692;-21,066692;-21,066692;-123,084809;-557,254933;-701,978308;-853,595566;-912,488221;-943,453434;-788,393935;-702,249768;-962,798241;-976,379902;-981,812567;-1043,034787;-1098,940282;-1163,818263;-1339,477690;-1477,636790;-1628,136002;-1650,029559;-1730,867308;-1744,993155;-1771,014453
637,777778;0,000000;-0,000514;-0,001026;-0,001541;-0,002052;-0,002567;-0,003078;-0,003593;-0,004107;-0,004622;-0,005004;-0,005209;-0,006023;-0,006833;-0,007647;-0,008457;-0,009271;-0,010085;-0,010899;-0,011709;-0,012523;-0,013333;-0,014147;-0,014957;-0,015771;-0,016265;-0,646091;-2,246897;-3,838956;-5,439763;-7,031822;-8,632629;-10,224688;-11,825494;-13,426301;-14,467263;-18,857570;-18,857570;-18,857570;-120,211878;-551,556957;-695,338650;-846,013789;-904,540497;-933,336400;-780,335581;-695,335127;-953,884392;-968,543087;-974,406566;-1033,521551;-1093,663413;-1163,457673;-1351,474729;-1499,353312;-1671,766979;-1694,678132;-1779,273160;-1793,459022;-1819,590874
646,060606;0,000000;-0,000947;-0,001889;-0,002836;-0,003778;-0,004725;-0,005666;-0,006613;-0,007560;-0,008507;-0,009211;-0,009588;-0,011087;-0,012577;-0,014076;-0,015566;-0,017065;-0,018564;-0,020062;-0,021553;-0,023052;-0,024542;-0,026041;-0,027531;-0,029030;-0,029939;-0,620120;-2,120162;-3,612007;-5,112050;-6,603895;-8,103937;-9,595783;-11,095825;-12,595867;-13,571305;-16,485001;-16,485001;-16,485001;-115,780217;-538,362184;-679,222840;-827,993034;-885,779803;-911,935047;-762,671721;-679,747651;-933,194706;-947,707219;-953,512224;-1011,668587;-1077,014172;-1152,847319;-1352,709547;-1509,904558;-1712,353241;-1736,423591;-1825,298731;-1840,052487;-1867,230458
654,343434;0,000000;-0,000825;-0,001645;-0,002470;-0,003290;-0,004115;-0,004935;-0,005759;-0,006584;-0,007409;-0,008022;-0,008350;-0,009655;-0,010953;-0,012258;-0,013556;-0,014862;-0,016167;-0,017472;-0,018770;-0,020075;-0,021373;-0,022679;-0,023977;-0,025282;-0,026074;-0,577920;-1,980529;-3,375474;-4,778083;-6,173028;-7,575637;-8,970582;-10,373192;-11,775801;-12,687880;-14,107378;-14,107378;-14,107378;-110,307198;-519,715736;-656,185248;-801,688766;-858,206662;-882,199021;-737,658792;-657,358665;-903,634415;-917,166503;-922,579338;-980,220691;-1051,215232;-1133,603960;-1346,125470;-1513,277219;-1747,336537;-1772,639941;-1866,067894;-1881,536049;-1910,030019
662,626263;0,000000;-0,000419;-0,000835;-0,001254;-0,001670;-0,002088;-0,002505;-0,002923;-0,003342;-0,003761;-0,004072;-0,004238;-0,004901;-0,005560;-0,006222;-0,006881;-0,007543;-0,008206;-0,008868;-0,009527;-0,010190;-0,010849;-0,011511;-0,012170;-0,012833;-0,013234;-0,517216;-1,798169;-3,072123;-4,353076;-5,627029;-6,907983;-8,181936;-9,462889;-10,743843;-11,576812;-11,889999;-11,889999;-11,889999;-104,331277;-497,744157;-628,881783;-769,344343;-823,904180;-847,187345;-707,641245;-630,115635;-868,217402;-880,345914;-885,197319;-942,031018;-1018,579640;-1107,413843;-1334,776191;-1513,600509;-1774,095950;-1800,635028;-1898,625469;-1914,578595;-1943,965932
670,909091;0,000000;0,000000;0,000000;0,000000;0,000000;0,000000;0,000000;0,000000;0,000000;0,000000;0,000000;0,000000;0,000000;0,000000;0,000000;0,000000;0,000000;0,000000;0,000000;0,000000;0,000000;0,000000;0,000000;0,000000;0,000000;0,000000;-0,435745;-1,543263;-2,644729;-3,752247;-4,853713;-5,961231;-7,062697;-8,170215;-9,277734;-9,997923;-9,998162;-9,998162;-9,998162;-98,390909;-474,573992;-599,968353;-733,203118;-784,955465;-809,959042;-674,963532;-599,966027;-829,957550;-840,670425;-844,955576;-899,952727;-981,420438;-1075,963213;-1321,715402;-1515,003640;-1790,010565;-1817,716700;-1920,016277;-1935,849009;-1965,014568
679,191919;0,000000;0,000000;0,000000;0,000000;0,000000;0,000000;0,000000;0,000000;0,000000;0,000000;0,000000;0,000000;0,000000;0,000000;0,000000;0,000000;0,000000;0,000000;0,000000;0,000000;0,000000;0,000000;0,000000;0,000000;0,000000;0,000000;-0,340552;-1,206123;-2,066963;-2,932533;-3,793374;-4,658944;-5,519784;-6,385355;-7,250925;-7,813782;-8,542780;-8,542780;-8,542780;-92,894117;-451,877711;-571,538909;-695,209012;-743,246159;-772,946765;-641,601577;-568,632028;-791,282071;-800,889542;-804,732531;-856,466134;-941,761529;-1040,746308;-1309,189430;-1520,324470;-1793,426470;-1822,167538;-1928,288403;-1943,160666;-1970,556941
687,474748;0,000000;0,000000;0,000000;0,000000;0,000000;0,000000;0,000000;0,000000;0,000000;0,000000;0,000000;0,000000;0,000000;0,000000;0,000000;0,000000;0,000000;0,000000;0,000000;0,000000;0,000000;0,000000;0,000000;0,000000;0,000000;0,000000;-0,230845;-0,817574;-1,401098;-1,987828;-2,571352;-3,158082;-3,741606;-4,328336;-4,915065;-5,296600;-7,417943;-7,417943;-7,417943;-87,728911;-429,517449;-543,446962;-656,112131;-699,874635;-736,085925;-608,062040;-536,937660;-752,279219;-761,059774;-764,571996;-812,565106;-900,474058;-1002,491855;-1296,225751;-1527,252410;-1786,545047;-1816,156223;-1925,489798;-1938,889850;-1963,574155
695,757576;0,000000;0,000000;0,000000;0,000000;0,000000;0,000000;0,000000;0,000000;0,000000;0,000000;0,000000;0,000000;0,000000;0,000000;0,000000;0,000000;0,000000;0,000000;0,000000;0,000000;0,000000;0,000000;0,000000;0,000000;0,000000;0,000000;-0,122934;-0,435392;-0,746143;-1,058601;-1,369352;-1,681810;-1,992560;-2,305019;-2,617477;-2,820660;-6,463711;-6,463711;-6,463711;-82,653724;-406,904246;-514,987753;-616,365116;-655,743100;-698,689671;-574,485477;-505,483148;-712,454428;-720,566595;-723,811461;-768,873118;-858,141930;-961,737834;-1281,049772;-1532,193993;-1772,528335;-1802,819775;-1914,665093;-1926,549819;-1948,442734
704,040404;0,000000;0,000000;0,000000;0,000000;0,000000;0,000000;0,000000;0,000000;0,000000;0,000000;0,000000;0,000000;0,000000;0,000000;0,000000;0,000000;0,000000;0,000000;0,000000;0,000000;0,000000;0,000000;0,000000;0,000000;0,000000;0,000000;-0,033134;-0,117350;-0,201106;-0,285322;-0,369077;-0,453293;-0,537049;-0,621265;-0,705480;-0,760244;-5,520147;-5,520147;-5,520147;-77,426991;-383,449141;-485,456524;-576,420603;-611,753758;-660,071153;-541,012441;-474,868712;-671,313133;-678,795478;-681,788415;-726,013646;-815,349045;-919,022225;-1261,886902;-1531,555750;-1754,538372;-1785,295210;-1898,858919;-1909,653834;-1929,539204
712,323232;0,000000;-0,000037;-0,000073;-0,000110;-0,000147;-0,000184;-0,000220;-0,000257;-0,000294;-0,000331;-0,000358;-0,000373;-0,000431;-0,000489;-0,000547;-0,000605;-0,000663;-0,000722;-0,000780;-0,000838;-0,000896;-0,000954;-0,001012;-0,001070;-0,001129;-0,001164;-0,001113;-0,000984;-0,000856;-0,000727;-0,000599;-0,000470;-0,000342;-0,000213;-0,000084;0,000000;-4,433602;-4,433602;-4,433602;-71,818201;-358,594517;-454,186623;-536,726940;-568,788055;-619,578254;-507,782584;-445,673878;-628,396923;-635,171930;-637,881933;-684,586016;-772,671584;-874,894341;-1237,049674;-1521,890947;-1735,669992;-1766,656089;-1881,066292;-1891,646484;-1911,136310
720,606061;0,000000;-0,000069;-0,000137;-0,000206;-0,000274;-0,000343;-0,000412;-0,000480;-0,000549;-0,000618;-0,000669;-0,000697;-0,000805;-0,000914;-0,001023;-0,001131;-0,001240;-0,001349;-0,001458;-0,001566;-0,001675;-0,001783;-0,001892;-0,002000;-0,002109;-0,002175;-0,002080;-0,001839;-0,001600;-0,001359;-0,001119;-0,000878;-0,000639;-0,000398;-0,000157;0,000000;-3,196583;-3,196583;-3,196583;-65,853777;-332,511138;-421,396926;-497,632750;-527,245012;-577,365947;-474,914620;-417,997216;-584,087547;-590,051787;-592,437483;-644,628396;-730,506221;-830,166908;-1206,875281;-1503,162766;-1717,456273;-1748,501340;-1863,129278;-1874,376500;-1895,095068
728,888889;0,000000;-0,000061;-0,000121;-0,000182;-0,000242;-0,000302;-0,000363;-0,000423;-0,000484;-0,000545;-0,000590;-0,000614;-0,000710;-0,000805;-0,000901;-0,000997;-0,001093;-0,001188;-0,001284;-0,001380;-0,001476;-0,001571;-0,001667;-0,001763;-0,001859;-0,001917;-0,001833;-0,001621;-0,001410;-0,001197;-0,000986;-0,000774;-0,000563;-0,000350;-0,000138;0,000000;-1,948590;-1,948590;-1,948590;-59,818550;-306,102330;-388,196924;-459,386361;-487,038456;-534,400936;-442,506206;-391,453578;-539,611740;-544,726552;-546,772476;-605,614570;-689,069101;-785,917570;-1173,737206;-1478,763887;-1699,859570;-1730,946788;-1845,730364;-1858,087597;-1880,850921
737,171717;0,000000;-0,000031;-0,000063;-0,000094;-0,000125;-0,000157;-0,000188;-0,000219;-0,000250;-0,000282;-0,000305;-0,000318;-0,000367;-0,000417;-0,000466;-0,000516;-0,000565;-0,000615;-0,000665;-0,000714;-0,000764;-0,000813;-0,000863;-0,000912;-0,000962;-0,000992;-0,000949;-0,000839;-0,000730;-0,000620;-0,000510;-0,000401;-0,000291;-0,000181;-0,000071;0,000000;-0,835584;-0,835584;-0,835584;-54,008702;-280,303600;-355,735232;-422,231694;-448,060898;-491,685580;-410,654072;-365,636568;-496,233356;-500,528831;-502,247021;-566,993529;-648,568435;-743,235610;-1140,098382;-1452,237641;-1682,773239;-1714,043111;-1829,501102;-1842,952982;-1867,732760
745,454545;0,000000;-0,000000;-0,000000;-0,000000;-0,000001;-0,000001;-0,000001;-0,000001;-0,000001;-0,000001;-0,000001;-0,000001;-0,000002;-0,000002;-0,000002;-0,000002;-0,000003;-0,000003;-0,000003;-0,000003;-0,000003;-0,000004;-0,000004;-0,000004;-0,000004;-0,000004;-0,000004;-0,000004;-0,000003;-0,000003;-0,000002;-0,000002;-0,000001;-0,000001;-0,000000;0,000000;-0,003522;-0,003522;-0,003522;-48,720416;-256,050452;-325,160464;-386,412671;-410,204851;-450,222240;-379,454949;-340,139787;-455,216248;-458,791231;-460,221224;-528,214266;-609,212436;-703,210312;-1108,421741;-1427,127359;-1666,090634;-1697,840984;-1815,073044;-1829,145863;-1855,069476
753,737374;0,000000;0,000000;0,000000;0,000000;0,000000;0,000000;0,000000;0,000000;0,000000;0,000000;0,000000;0,000000;0,000000;0,000000;0,000000;0,000000;0,000000;0,000000;0,000000;0,000000;0,000000;0,000000;0,000000;0,000000;0,000000;0,000000;-0,011001;-0,038963;-0,066771;-0,094733;-0,122541;-0,150502;-0,178311;-0,206272;-0,234234;-0,252416;0,000000;0,000000;0,000000;-44,564111;-234,220676;-297,439531;-352,232169;-373,515260;-410,947334;-349,096702;-314,735240;-417,620350;-420,644335;-421,853929;-489,028342;-571,285332;-666,744060;-1080,683505;-1406,253855;-1649,757129;-1682,387223;-1802,867570;-1816,757524;-1842,344282
762,020202;0,000000;0,000000;0,000000;0,000000;0,000000;0,000000;0,000000;0,000000;0,000000;0,000000;0,000000;0,000000;0,000000;0,000000;0,000000;0,000000;0,000000;0,000000;0,000000;0,000000;0,000000;0,000000;0,000000;0,000000;0,000000;0,000000;-0,013784;-0,048819;-0,083663;-0,118698;-0,153541;-0,188576;-0,223420;-0,258455;-0,293489;-0,316272;0,000000;0,000000;0,000000;-40,872543;-214,818484;-272,800464;-320,232797;-338,656926;-374,529136;-320,137788;-289,920372;-383,676378;-386,397219;-387,485556;-450,417692;-535,380462;-633,979232;-1056,880742;-1389,499907;-1633,929621;-1667,712955;-1792,451417;-1805,546112;-1829,667920
770,303030;0,000000;0,000000;0,000000;0,000000;0,000000;0,000000;0,000000;0,000000;0,000000;0,000000;0,000000;0,000000;0,000000;0,000000;0,000000;0,000000;0,000000;0,000000;0,000000;0,000000;0,000000;0,000000;0,000000;0,000000;0,000000;0,000000;-0,010634;-0,037662;-0,064542;-0,091570;-0,118450;-0,145478;-0,172359;-0,199387;-0,226415;-0,243990;0,000000;0,000000;0,000000;-37,648749;-197,874821;-251,283512;-291,018092;-306,452185;-341,567770;-293,230847;-266,377001;-353,404302;-356,150175;-357,248525;-413,676950;-502,169728;-604,865050;-1036,507514;-1376,001587;-1618,818764;-1653,845315;-1783,174118;-1795,185109;-1817,310620
778,585859;0,000000;0,000000;0,000000;0,000000;0,000000;0,000000;0,000000;0,000000;0,000000;0,000000;0,000000;0,000000;0,000000;0,000000;0,000000;0,000000;0,000000;0,000000;0,000000;0,000000;0,000000;0,000000;0,000000;0,000000;0,000000;0,000000;-0,003923;-0,013894;-0,023810;-0,033781;-0,043698;-0,053668;-0,063585;-0,073556;-0,083527;-0,090010;0,000000;0,000000;0,000000;-34,898758;-183,421380;-232,928920;-265,191591;-277,723373;-312,663360;-269,028522;-244,786945;-326,824093;-330,003494;-331,275255;-380,100747;-472,325028;-579,350737;-1019,057886;-1364,894970;-1604,635214;-1640,811441;-1774,385203;-1785,347995;-1805,542612
786,868687;0,000000;-0,000006;-0,000013;-0,000019;-0,000026;-0,000032;-0,000038;-0,000045;-0,000051;-0,000058;-0,000062;-0,000065;-0,000075;-0,000085;-0,000095;-0,000105;-0,000116;-0,000126;-0,000136;-0,000146;-0,000156;-0,000166;-0,000176;-0,000186;-0,000197;-0,000203;-0,000194;-0,000171;-0,000149;-0,000127;-0,000104;-0,000082;-0,000060;-0,000037;-0,000015;0,000000;-0,159446;-0,159446;-0,159446;-32,764157;-171,523741;-217,776935;-243,356832;-253,292825;-288,416030;-248,183453;-225,832021;-303,955720;-308,057467;-309,698165;-350,983718;-446,518264;-557,385516;-1004,025921;-1355,316128;-1591,589627;-1628,638471;-1765,434205;-1775,708251;-1794,634126
795,151515;0,000000;-0,000017;-0,000034;-0,000052;-0,000069;-0,000086;-0,000103;-0,000120;-0,000138;-0,000155;-0,000168;-0,000175;-0,000202;-0,000229;-0,000256;-0,000284;-0,000311;-0,000338;-0,000365;-0,000393;-0,000420;-0,000447;-0,000474;-0,000501;-0,000529;-0,000545;-0,000522;-0,000461;-0,000401;-0,000341;-0,000281;-0,000220;-0,000160;-0,000100;-0,000039;0,000000;-0,428704;-0,428704;-0,428704;-31,208779;-162,203048;-205,867804;-226,117351;-233,982878;-269,425905;-231,348282;-210,194047;-284,819154;-290,412384;-292,649676;-327,620496;-425,421337;-538,918609;-990,905684;-1346,401137;-1579,892656;-1617,353541;-1755,670654;-1765,939358;-1784,855392
803,434343;0,000000;-0,000022;-0,000045;-0,000067;-0,000089;-0,000111;-0,000134;-0,000156;-0,000178;-0,000201;-0,000217;-0,000226;-0,000262;-0,000297;-0,000332;-0,000367;-0,000403;-0,000438;-0,000473;-0,000508;-0,000544;-0,000579;-0,000614;-0,000650;-0,000685;-0,000706;-0,000676;-0,000597;-0,000519;-0,000441;-0,000363;-0,000285;-0,000207;-0,000129;-0,000051;0,000000;-0,555314;-0,555314;-0,555314;-30,024017;-155,437334;-197,241773;-214,076686;-220,615867;-256,293109;-219,175650;-198,554840;-269,434365;-277,168537;-280,262205;-311,305713;-409,706145;-523,899239;-979,191238;-1337,286069;-1569,754958;-1606,983788;-1744,444082;-1755,714797;-1776,476640
811,717172;0,000000;-0,000018;-0,000036;-0,000054;-0,000071;-0,000089;-0,000107;-0,000125;-0,000143;-0,000161;-0,000174;-0,000181;-0,000209;-0,000237;-0,000266;-0,000294;-0,000322;-0,000350;-0,000379;-0,000407;-0,000435;-0,000463;-0,000491;-0,000519;-0,000548;-0,000565;-0,000540;-0,000478;-0,000415;-0,000353;-0,000291;-0,000228;-0,000166;-0,000103;-0,000041;0,000000;-0,444128;-0,444128;-0,444128;-29,135010;-151,238070;-191,939090;-207,838374;-214,014129;-249,617766;-212,318200;-191,596219;-257,821324;-268,426217;-272,668174;-303,334003;-400,044590;-512,276628;-968,376647;-1327,106999;-1561,387188;-1597,556349;-1731,104020;-1744,708048;-1769,768099
820,000000;0,000000;0,000000;0,000000;0,000000;0,000000;0,000000;0,000000;0,000000;0,000000;0,000000;0,000000;0,000000;0,000000;0,000000;0,000000;0,000000;0,000000;0,000000;0,000000;0,000000;0,000000;0,000000;0,000000;0,000000;0,000000;0,000000;-0,000000;-0,000000;-0,000000;-0,000000;-0,000000;-0,000000;-0,000000;-0,000000;-0,000000;-0,000000;0,000000;0,000000;0,000000;-28,466899;-149,616725;-190,000000;-208,005952;-215,000000;-250,000000;-211,428571;-190,000000;-250,000000;-264,285714;-270,000000;-305,000000;-397,108571;-504,000000;-957,955975;-1315,000000;-1555,000000;-1589,098361;-1715,000000;-1732,592593;-1765,000000
